{"cameraMode":{"drawMode":0,"name":"Shaded","section":"Shading Mode"},"sceneLighting":false,"audioPlay":false,"sceneViewState":{"showFog":true,"showMaterialUpdate":false,"showSkybox":true,"showFlares":true,"showImageEffects":true,"showParticleSystems":true},"in2DMode":false,"pivot":{"x":-0.7765048742294312,"y":1.0455596446990967,"z":-0.4585294723510742},"rotation":{"x":-0.013705678284168244,"y":0.9758564233779907,"z":-0.2083124965429306,"w":-0.06420528888702393},"size":5.021259784698486,"orthographic":false}