{"cameraMode":{"drawMode":0,"name":"Shaded","section":"Shading Mode"},"sceneLighting":true,"audioPlay":false,"sceneViewState":{"showFog":true,"showMaterialUpdate":false,"showSkybox":true,"showFlares":true,"showImageEffects":true,"showParticleSystems":true},"in2DMode":false,"pivot":{"x":0.46000027656555178,"y":-0.5,"z":-7.6999993324279789},"rotation":{"x":0.5060678124427795,"y":-0.12559670209884644,"z":0.07477471232414246,"w":0.8500174283981323},"size":34.43459701538086,"orthographic":false}