{"cameraMode":{"drawMode":0,"name":"Shaded","section":"Shading Mode"},"sceneLighting":true,"audioPlay":false,"sceneViewState":{"showFog":true,"showMaterialUpdate":false,"showSkybox":true,"showFlares":true,"showImageEffects":true,"showParticleSystems":true},"in2DMode":false,"pivot":{"x":2.7520627975463869,"y":6.058568477630615,"z":4.4799299240112309},"rotation":{"x":0.4862314462661743,"y":-0.16020134091377259,"z":0.09119389951229096,"w":0.8541651964187622},"size":8.947404861450196,"orthographic":false}