{"cameraMode":{"drawMode":0,"name":"Shaded","section":"Shading Mode"},"sceneLighting":true,"audioPlay":false,"sceneViewState":{"showFog":true,"showMaterialUpdate":false,"showSkybox":true,"showFlares":true,"showImageEffects":true,"showParticleSystems":true},"in2DMode":false,"pivot":{"x":-2.50111722946167,"y":2.417490005493164,"z":-3.966541290283203},"rotation":{"x":0.4351893663406372,"y":-0.16816313564777375,"z":0.08310659974813461,"w":0.8805820941925049},"size":102.628662109375,"orthographic":false}