{"cameraMode":{"drawMode":0,"name":"Shaded","section":"Shading Mode"},"sceneLighting":false,"audioPlay":false,"sceneViewState":{"showFog":true,"showMaterialUpdate":false,"showSkybox":true,"showFlares":true,"showImageEffects":true,"showParticleSystems":true},"in2DMode":false,"pivot":{"x":9.5367431640625e-7,"y":0.9022648334503174,"z":0.02162332832813263},"rotation":{"x":-0.21487405896186829,"y":0.23916828632354737,"z":-0.05436250939965248,"w":-0.9453425407409668},"size":4.42125940322876,"orthographic":false}