{"cameraMode":{"drawMode":0,"name":"Shaded","section":"Shading Mode"},"sceneLighting":true,"audioPlay":false,"sceneViewState":{"showFog":true,"showMaterialUpdate":false,"showSkybox":true,"showFlares":true,"showImageEffects":true,"showParticleSystems":true},"in2DMode":false,"pivot":{"x":4.542649269104004,"y":3.6765685081481935,"z":-0.918365478515625},"rotation":{"x":-0.2737164795398712,"y":0.5923587679862976,"z":-0.2239808440208435,"w":-0.7238944172859192},"size":18.23072624206543,"orthographic":false}