{"cameraMode":{"drawMode":0,"name":"Shaded","section":"Shading Mode"},"sceneLighting":true,"audioPlay":false,"sceneViewState":{"showFog":true,"showMaterialUpdate":false,"showSkybox":true,"showFlares":true,"showImageEffects":true,"showParticleSystems":true},"in2DMode":false,"pivot":{"x":3.3557827472686769,"y":12.04769515991211,"z":1.096713662147522},"rotation":{"x":0.33425581455230715,"y":-0.3504488468170166,"z":0.13552384078502656,"w":0.8643448948860169},"size":3.5573649406433107,"orthographic":false}