{"cameraMode":{"drawMode":0,"name":"Shaded","section":"Shading Mode"},"sceneLighting":false,"audioPlay":false,"sceneViewState":{"showFog":true,"showMaterialUpdate":false,"showSkybox":true,"showFlares":true,"showImageEffects":true,"showParticleSystems":true},"in2DMode":false,"pivot":{"x":0.0,"y":1.5593376159667969,"z":0.5149999856948853},"rotation":{"x":-0.12510520219802857,"y":0.1898476630449295,"z":-0.024397369474172593,"w":-0.9735046625137329},"size":1.5972893238067628,"orthographic":false}